<?xml version="1.0" encoding="UTF-8" ?>
<!-- This is a WordPress eXtended RSS file generated by WordPress as an export of your site. -->
<!-- It contains information about your site's posts, pages, comments, categories, and other content. -->
<!-- You may use this file to transfer that content from one site to another. -->
<!-- This file is not intended to serve as a complete backup of your site. -->

<!-- To import this information into a WordPress site follow these steps: -->
<!-- 1. Log in to that site as an administrator. -->
<!-- 2. Go to Tools: Import in the WordPress admin panel. -->
<!-- 3. Install the "WordPress" importer from the list. -->
<!-- 4. Activate & Run Importer. -->
<!-- 5. Upload this file using the form provided on that page. -->
<!-- 6. You will first be asked to map the authors in this export file to users -->
<!--    on the site. For each author, you may choose to map to an -->
<!--    existing user on the site or to create a new user. -->
<!-- 7. WordPress will then import each of the posts, pages, comments, categories, etc. -->
<!--    contained in this file into your site. -->

	<!-- generator="WordPress/6.9.1" created="2026-02-09 13:02" -->
<rss version="2.0"
	xmlns:excerpt="http://wordpress.org/export/1.2/excerpt/"
	xmlns:content="http://purl.org/rss/1.0/modules/content/"
	xmlns:wfw="http://wellformedweb.org/CommentAPI/"
	xmlns:dc="http://purl.org/dc/elements/1.1/"
	xmlns:wp="http://wordpress.org/export/1.2/"
>

<channel>
	<title>Core Carousel</title>
	<link>https://carousel.local</link>
	<description></description>
	<pubDate>Mon, 09 Feb 2026 13:02:36 +0000</pubDate>
	<language>en-US</language>
	<wp:wxr_version>1.2</wp:wxr_version>
	<wp:base_site_url>https://carousel.local</wp:base_site_url>
	<wp:base_blog_url>https://carousel.local</wp:base_blog_url>

		<wp:author><wp:author_id>1</wp:author_id><wp:author_login><![CDATA[masud]]></wp:author_login><wp:author_email><![CDATA[mr.masudrana00@gmail.com]]></wp:author_email><wp:author_display_name><![CDATA[masud]]></wp:author_display_name><wp:author_first_name><![CDATA[]]></wp:author_first_name><wp:author_last_name><![CDATA[]]></wp:author_last_name></wp:author>

		<wp:category>
		<wp:term_id>1</wp:term_id>
		<wp:category_nicename><![CDATA[uncategorized]]></wp:category_nicename>
		<wp:category_parent><![CDATA[]]></wp:category_parent>
		<wp:cat_name><![CDATA[Uncategorized]]></wp:cat_name>
	</wp:category>
				<wp:term>
		<wp:term_id>2</wp:term_id>
		<wp:term_taxonomy><![CDATA[wp_theme]]></wp:term_taxonomy>
		<wp:term_slug><![CDATA[twentytwentyfive]]></wp:term_slug>
		<wp:term_parent><![CDATA[]]></wp:term_parent>
		<wp:term_name><![CDATA[twentytwentyfive]]></wp:term_name>
	</wp:term>
		<wp:term>
		<wp:term_id>1</wp:term_id>
		<wp:term_taxonomy><![CDATA[category]]></wp:term_taxonomy>
		<wp:term_slug><![CDATA[uncategorized]]></wp:term_slug>
		<wp:term_parent><![CDATA[]]></wp:term_parent>
		<wp:term_name><![CDATA[Uncategorized]]></wp:term_name>
	</wp:term>
		
	<generator>https://wordpress.org/?v=6.9.1</generator>

		<item>
		<title><![CDATA[Hello world!]]></title>
		<link>https://carousel.local/2026/02/09/hello-world/</link>
		<pubDate>Mon, 09 Feb 2026 13:00:32 +0000</pubDate>
		<dc:creator><![CDATA[masud]]></dc:creator>
		<guid isPermaLink="false">https://carousel.local/?p=1</guid>
		<description></description>
		<content:encoded><![CDATA[<!-- wp:paragraph -->
<p>Welcome to WordPress. This is your first post. Edit or delete it, then start writing!</p>
<!-- /wp:paragraph -->]]></content:encoded>
		<excerpt:encoded><![CDATA[]]></excerpt:encoded>
		<wp:post_id>1</wp:post_id>
		<wp:post_date><![CDATA[2026-02-09 13:00:32]]></wp:post_date>
		<wp:post_date_gmt><![CDATA[2026-02-09 13:00:32]]></wp:post_date_gmt>
		<wp:post_modified><![CDATA[2026-02-09 13:00:32]]></wp:post_modified>
		<wp:post_modified_gmt><![CDATA[2026-02-09 13:00:32]]></wp:post_modified_gmt>
		<wp:comment_status><![CDATA[open]]></wp:comment_status>
		<wp:ping_status><![CDATA[open]]></wp:ping_status>
		<wp:post_name><![CDATA[hello-world]]></wp:post_name>
		<wp:status><![CDATA[publish]]></wp:status>
		<wp:post_parent>0</wp:post_parent>
		<wp:menu_order>0</wp:menu_order>
		<wp:post_type><![CDATA[post]]></wp:post_type>
		<wp:post_password><![CDATA[]]></wp:post_password>
		<wp:is_sticky>0</wp:is_sticky>
										<category domain="category" nicename="uncategorized"><![CDATA[Uncategorized]]></category>
						<wp:comment>
			<wp:comment_id>1</wp:comment_id>
			<wp:comment_author><![CDATA[A WordPress Commenter]]></wp:comment_author>
			<wp:comment_author_email><![CDATA[wapuu@wordpress.example]]></wp:comment_author_email>
			<wp:comment_author_url>https://wordpress.org/</wp:comment_author_url>
			<wp:comment_author_IP><![CDATA[]]></wp:comment_author_IP>
			<wp:comment_date><![CDATA[2026-02-09 13:00:32]]></wp:comment_date>
			<wp:comment_date_gmt><![CDATA[2026-02-09 13:00:32]]></wp:comment_date_gmt>
			<wp:comment_content><![CDATA[Hi, this is a comment.
To get started with moderating, editing, and deleting comments, please visit the Comments screen in the dashboard.
Commenter avatars come from <a href="https://gravatar.com/">Gravatar</a>.]]></wp:comment_content>
			<wp:comment_approved><![CDATA[1]]></wp:comment_approved>
			<wp:comment_type><![CDATA[comment]]></wp:comment_type>
			<wp:comment_parent>0</wp:comment_parent>
			<wp:comment_user_id>0</wp:comment_user_id>
							</wp:comment>
					</item>
					<item>
		<title><![CDATA[Sample Page]]></title>
		<link>https://carousel.local/sample-page/</link>
		<pubDate>Mon, 09 Feb 2026 13:00:32 +0000</pubDate>
		<dc:creator><![CDATA[masud]]></dc:creator>
		<guid isPermaLink="false">https://carousel.local/?page_id=2</guid>
		<description></description>
		<content:encoded><![CDATA[<!-- wp:paragraph -->
<p>This is an example page. It's different from a blog post because it will stay in one place and will show up in your site navigation (in most themes). Most people start with an About page that introduces them to potential site visitors. It might say something like this:</p>
<!-- /wp:paragraph -->

<!-- wp:quote -->
<blockquote class="wp-block-quote">
<!-- wp:paragraph -->
<p>Hi there! I'm a bike messenger by day, aspiring actor by night, and this is my website. I live in Los Angeles, have a great dog named Jack, and I like pi&#241;a coladas. (And gettin' caught in the rain.)</p>
<!-- /wp:paragraph -->
</blockquote>
<!-- /wp:quote -->

<!-- wp:paragraph -->
<p>...or something like this:</p>
<!-- /wp:paragraph -->

<!-- wp:quote -->
<blockquote class="wp-block-quote">
<!-- wp:paragraph -->
<p>The XYZ Doohickey Company was founded in 1971, and has been providing quality doohickeys to the public ever since. Located in Gotham City, XYZ employs over 2,000 people and does all kinds of awesome things for the Gotham community.</p>
<!-- /wp:paragraph -->
</blockquote>
<!-- /wp:quote -->

<!-- wp:paragraph -->
<p>As a new WordPress user, you should go to <a href="https://carousel.local/wp-admin/">your dashboard</a> to delete this page and create new pages for your content. Have fun!</p>
<!-- /wp:paragraph -->]]></content:encoded>
		<excerpt:encoded><![CDATA[]]></excerpt:encoded>
		<wp:post_id>2</wp:post_id>
		<wp:post_date><![CDATA[2026-02-09 13:00:32]]></wp:post_date>
		<wp:post_date_gmt><![CDATA[2026-02-09 13:00:32]]></wp:post_date_gmt>
		<wp:post_modified><![CDATA[2026-02-09 13:00:32]]></wp:post_modified>
		<wp:post_modified_gmt><![CDATA[2026-02-09 13:00:32]]></wp:post_modified_gmt>
		<wp:comment_status><![CDATA[closed]]></wp:comment_status>
		<wp:ping_status><![CDATA[open]]></wp:ping_status>
		<wp:post_name><![CDATA[sample-page]]></wp:post_name>
		<wp:status><![CDATA[publish]]></wp:status>
		<wp:post_parent>0</wp:post_parent>
		<wp:menu_order>0</wp:menu_order>
		<wp:post_type><![CDATA[page]]></wp:post_type>
		<wp:post_password><![CDATA[]]></wp:post_password>
		<wp:is_sticky>0</wp:is_sticky>
														<wp:postmeta>
		<wp:meta_key><![CDATA[_wp_page_template]]></wp:meta_key>
		<wp:meta_value><![CDATA[default]]></wp:meta_value>
		</wp:postmeta>
							</item>
					<item>
		<title><![CDATA[Privacy Policy]]></title>
		<link>https://carousel.local/?page_id=3</link>
		<pubDate>Mon, 09 Feb 2026 13:00:32 +0000</pubDate>
		<dc:creator><![CDATA[masud]]></dc:creator>
		<guid isPermaLink="false">https://carousel.local/?page_id=3</guid>
		<description></description>
		<content:encoded><![CDATA[<!-- wp:heading -->
<h2 class="wp-block-heading">Who we are</h2>
<!-- /wp:heading -->
<!-- wp:paragraph -->
<p><strong class="privacy-policy-tutorial">Suggested text: </strong>Our website address is: https://carousel.local.</p>
<!-- /wp:paragraph -->
<!-- wp:heading -->
<h2 class="wp-block-heading">Comments</h2>
<!-- /wp:heading -->
<!-- wp:paragraph -->
<p><strong class="privacy-policy-tutorial">Suggested text: </strong>When visitors leave comments on the site we collect the data shown in the comments form, and also the visitor&#8217;s IP address and browser user agent string to help spam detection.</p>
<!-- /wp:paragraph -->
<!-- wp:paragraph -->
<p>An anonymized string created from your email address (also called a hash) may be provided to the Gravatar service to see if you are using it. The Gravatar service privacy policy is available here: https://automattic.com/privacy/. After approval of your comment, your profile picture is visible to the public in the context of your comment.</p>
<!-- /wp:paragraph -->
<!-- wp:heading -->
<h2 class="wp-block-heading">Media</h2>
<!-- /wp:heading -->
<!-- wp:paragraph -->
<p><strong class="privacy-policy-tutorial">Suggested text: </strong>If you upload images to the website, you should avoid uploading images with embedded location data (EXIF GPS) included. Visitors to the website can download and extract any location data from images on the website.</p>
<!-- /wp:paragraph -->
<!-- wp:heading -->
<h2 class="wp-block-heading">Cookies</h2>
<!-- /wp:heading -->
<!-- wp:paragraph -->
<p><strong class="privacy-policy-tutorial">Suggested text: </strong>If you leave a comment on our site you may opt-in to saving your name, email address and website in cookies. These are for your convenience so that you do not have to fill in your details again when you leave another comment. These cookies will last for one year.</p>
<!-- /wp:paragraph -->
<!-- wp:paragraph -->
<p>If you visit our login page, we will set a temporary cookie to determine if your browser accepts cookies. This cookie contains no personal data and is discarded when you close your browser.</p>
<!-- /wp:paragraph -->
<!-- wp:paragraph -->
<p>When you log in, we will also set up several cookies to save your login information and your screen display choices. Login cookies last for two days, and screen options cookies last for a year. If you select &quot;Remember Me&quot;, your login will persist for two weeks. If you log out of your account, the login cookies will be removed.</p>
<!-- /wp:paragraph -->
<!-- wp:paragraph -->
<p>If you edit or publish an article, an additional cookie will be saved in your browser. This cookie includes no personal data and simply indicates the post ID of the article you just edited. It expires after 1 day.</p>
<!-- /wp:paragraph -->
<!-- wp:heading -->
<h2 class="wp-block-heading">Embedded content from other websites</h2>
<!-- /wp:heading -->
<!-- wp:paragraph -->
<p><strong class="privacy-policy-tutorial">Suggested text: </strong>Articles on this site may include embedded content (e.g. videos, images, articles, etc.). Embedded content from other websites behaves in the exact same way as if the visitor has visited the other website.</p>
<!-- /wp:paragraph -->
<!-- wp:paragraph -->
<p>These websites may collect data about you, use cookies, embed additional third-party tracking, and monitor your interaction with that embedded content, including tracking your interaction with the embedded content if you have an account and are logged in to that website.</p>
<!-- /wp:paragraph -->
<!-- wp:heading -->
<h2 class="wp-block-heading">Who we share your data with</h2>
<!-- /wp:heading -->
<!-- wp:paragraph -->
<p><strong class="privacy-policy-tutorial">Suggested text: </strong>If you request a password reset, your IP address will be included in the reset email.</p>
<!-- /wp:paragraph -->
<!-- wp:heading -->
<h2 class="wp-block-heading">How long we retain your data</h2>
<!-- /wp:heading -->
<!-- wp:paragraph -->
<p><strong class="privacy-policy-tutorial">Suggested text: </strong>If you leave a comment, the comment and its metadata are retained indefinitely. This is so we can recognize and approve any follow-up comments automatically instead of holding them in a moderation queue.</p>
<!-- /wp:paragraph -->
<!-- wp:paragraph -->
<p>For users that register on our website (if any), we also store the personal information they provide in their user profile. All users can see, edit, or delete their personal information at any time (except they cannot change their username). Website administrators can also see and edit that information.</p>
<!-- /wp:paragraph -->
<!-- wp:heading -->
<h2 class="wp-block-heading">What rights you have over your data</h2>
<!-- /wp:heading -->
<!-- wp:paragraph -->
<p><strong class="privacy-policy-tutorial">Suggested text: </strong>If you have an account on this site, or have left comments, you can request to receive an exported file of the personal data we hold about you, including any data you have provided to us. You can also request that we erase any personal data we hold about you. This does not include any data we are obliged to keep for administrative, legal, or security purposes.</p>
<!-- /wp:paragraph -->
<!-- wp:heading -->
<h2 class="wp-block-heading">Where your data is sent</h2>
<!-- /wp:heading -->
<!-- wp:paragraph -->
<p><strong class="privacy-policy-tutorial">Suggested text: </strong>Visitor comments may be checked through an automated spam detection service.</p>
<!-- /wp:paragraph -->
]]></content:encoded>
		<excerpt:encoded><![CDATA[]]></excerpt:encoded>
		<wp:post_id>3</wp:post_id>
		<wp:post_date><![CDATA[2026-02-09 13:00:32]]></wp:post_date>
		<wp:post_date_gmt><![CDATA[2026-02-09 13:00:32]]></wp:post_date_gmt>
		<wp:post_modified><![CDATA[2026-02-09 13:00:32]]></wp:post_modified>
		<wp:post_modified_gmt><![CDATA[2026-02-09 13:00:32]]></wp:post_modified_gmt>
		<wp:comment_status><![CDATA[closed]]></wp:comment_status>
		<wp:ping_status><![CDATA[open]]></wp:ping_status>
		<wp:post_name><![CDATA[privacy-policy]]></wp:post_name>
		<wp:status><![CDATA[draft]]></wp:status>
		<wp:post_parent>0</wp:post_parent>
		<wp:menu_order>0</wp:menu_order>
		<wp:post_type><![CDATA[page]]></wp:post_type>
		<wp:post_password><![CDATA[]]></wp:post_password>
		<wp:is_sticky>0</wp:is_sticky>
														<wp:postmeta>
		<wp:meta_key><![CDATA[_wp_page_template]]></wp:meta_key>
		<wp:meta_value><![CDATA[default]]></wp:meta_value>
		</wp:postmeta>
							</item>
					<item>
		<title><![CDATA[Navigation]]></title>
		<link>https://carousel.local/2026/02/09/navigation/</link>
		<pubDate>Mon, 09 Feb 2026 13:00:32 +0000</pubDate>
		<dc:creator><![CDATA[]]></dc:creator>
		<guid isPermaLink="false">https://carousel.local/2026/02/09/navigation/</guid>
		<description></description>
		<content:encoded><![CDATA[<!-- wp:page-list /-->]]></content:encoded>
		<excerpt:encoded><![CDATA[]]></excerpt:encoded>
		<wp:post_id>4</wp:post_id>
		<wp:post_date><![CDATA[2026-02-09 13:00:32]]></wp:post_date>
		<wp:post_date_gmt><![CDATA[2026-02-09 13:00:32]]></wp:post_date_gmt>
		<wp:post_modified><![CDATA[2026-02-09 13:00:32]]></wp:post_modified>
		<wp:post_modified_gmt><![CDATA[2026-02-09 13:00:32]]></wp:post_modified_gmt>
		<wp:comment_status><![CDATA[closed]]></wp:comment_status>
		<wp:ping_status><![CDATA[closed]]></wp:ping_status>
		<wp:post_name><![CDATA[navigation]]></wp:post_name>
		<wp:status><![CDATA[publish]]></wp:status>
		<wp:post_parent>0</wp:post_parent>
		<wp:menu_order>0</wp:menu_order>
		<wp:post_type><![CDATA[wp_navigation]]></wp:post_type>
		<wp:post_password><![CDATA[]]></wp:post_password>
		<wp:is_sticky>0</wp:is_sticky>
														</item>
					<item>
		<title><![CDATA[Core Carousel]]></title>
		<link>https://carousel.local/</link>
		<pubDate>Mon, 09 Feb 2026 13:01:18 +0000</pubDate>
		<dc:creator><![CDATA[masud]]></dc:creator>
		<guid isPermaLink="false">https://carousel.local/?page_id=6</guid>
		<description></description>
		<content:encoded><![CDATA[<!-- wp:core-carousel/carousel {"loop":true,"autoplay":true,"autoplayDelay":5000,"ariaLabel":"Hero Carousel","metadata":{"categories":["core-carousel"],"patternName":"core-carousel/hero-carousel","name":"Core Carousel: Hero Carousel"},"align":"wide","className":"wp-block-core-carousel-carousel"} -->
<div class="wp-block-carousel-carousel alignwide core-carousel wp-block-core-carousel-carousel" role="region" aria-roledescription="carousel" aria-label="Hero Carousel" dir="ltr" data-axis="x" data-wp-interactive="core-carousel/carousel" data-wp-context="{&quot;options&quot;:{&quot;loop&quot;:true,&quot;dragFree&quot;:false,&quot;align&quot;:&quot;start&quot;,&quot;containScroll&quot;:&quot;trimSnaps&quot;,&quot;direction&quot;:&quot;ltr&quot;,&quot;axis&quot;:&quot;x&quot;,&quot;slidesToScroll&quot;:1},&quot;autoplay&quot;:{&quot;delay&quot;:5000,&quot;stopOnInteraction&quot;:true,&quot;stopOnMouseEnter&quot;:false},&quot;isPlaying&quot;:true,&quot;timerIterationId&quot;:0,&quot;selectedIndex&quot;:-1,&quot;scrollSnaps&quot;:[],&quot;canScrollPrev&quot;:false,&quot;canScrollNext&quot;:false,&quot;ariaLabelPattern&quot;:&quot;Go to slide %d&quot;}" data-wp-init="callbacks.initCarousel" style="--core-carousel-gap:0px"><!-- wp:core-carousel/carousel-viewport {"className":"wp-block-core-carousel-carousel-viewport"} -->
<div class="wp-block-carousel-carousel-viewport embla wp-block-core-carousel-carousel-viewport"><div class="embla__container"><!-- wp:core-carousel/carousel-slide {"className":"wp-block-core-carousel-carousel-slide"} -->
<div class="wp-block-carousel-carousel-slide embla__slide wp-block-core-carousel-carousel-slide" role="group" aria-roledescription="slide" data-wp-interactive="core-carousel/carousel" data-wp-class--is-active="callbacks.isSlideActive" data-wp-bind--aria-current="callbacks.isSlideActive"><!-- wp:cover {"url":"https://picsum.photos/1920/800?random=1","dimRatio":30,"minHeight":600,"minHeightUnit":"px"} -->
<div class="wp-block-cover" style="min-height:600px"><img class="wp-block-cover__image-background" alt="" src="https://picsum.photos/1920/800?random=1" data-object-fit="cover"/><span aria-hidden="true" class="wp-block-cover__background has-background-dim-30 has-background-dim"></span><div class="wp-block-cover__inner-container"><!-- wp:heading {"textAlign":"center","level":1,"textColor":"white"} -->
<h1 class="wp-block-heading has-text-align-center has-white-color has-text-color">Welcome to Our Site</h1>
<!-- /wp:heading -->

<!-- wp:paragraph {"align":"center","textColor":"white"} -->
<p class="has-text-align-center has-white-color has-text-color">Discover amazing content and experiences</p>
<!-- /wp:paragraph -->

<!-- wp:buttons {"layout":{"type":"flex","justifyContent":"center"}} -->
<div class="wp-block-buttons"><!-- wp:button -->
<div class="wp-block-button"><a class="wp-block-button__link wp-element-button">Get Started</a></div>
<!-- /wp:button --></div>
<!-- /wp:buttons --></div></div>
<!-- /wp:cover --></div>
<!-- /wp:core-carousel/carousel-slide -->

<!-- wp:core-carousel/carousel-slide {"className":"wp-block-core-carousel-carousel-slide"} -->
<div class="wp-block-carousel-carousel-slide embla__slide wp-block-core-carousel-carousel-slide" role="group" aria-roledescription="slide" data-wp-interactive="core-carousel/carousel" data-wp-class--is-active="callbacks.isSlideActive" data-wp-bind--aria-current="callbacks.isSlideActive"><!-- wp:cover {"url":"https://picsum.photos/1920/800?random=2","dimRatio":30,"minHeight":600,"minHeightUnit":"px"} -->
<div class="wp-block-cover" style="min-height:600px"><img class="wp-block-cover__image-background" alt="" src="https://picsum.photos/1920/800?random=2" data-object-fit="cover"/><span aria-hidden="true" class="wp-block-cover__background has-background-dim-30 has-background-dim"></span><div class="wp-block-cover__inner-container"><!-- wp:heading {"textAlign":"center","level":1,"textColor":"white"} -->
<h1 class="wp-block-heading has-text-align-center has-white-color has-text-color">Build Something Amazing</h1>
<!-- /wp:heading -->

<!-- wp:paragraph {"align":"center","textColor":"white"} -->
<p class="has-text-align-center has-white-color has-text-color">Powerful tools for modern creators</p>
<!-- /wp:paragraph --></div></div>
<!-- /wp:cover --></div>
<!-- /wp:core-carousel/carousel-slide -->

<!-- wp:core-carousel/carousel-slide {"className":"wp-block-core-carousel-carousel-slide"} -->
<div class="wp-block-carousel-carousel-slide embla__slide wp-block-core-carousel-carousel-slide" role="group" aria-roledescription="slide" data-wp-interactive="core-carousel/carousel" data-wp-class--is-active="callbacks.isSlideActive" data-wp-bind--aria-current="callbacks.isSlideActive"><!-- wp:cover {"url":"https://picsum.photos/1920/800?random=3","dimRatio":30,"minHeight":600,"minHeightUnit":"px"} -->
<div class="wp-block-cover" style="min-height:600px"><img class="wp-block-cover__image-background" alt="" src="https://picsum.photos/1920/800?random=3" data-object-fit="cover"/><span aria-hidden="true" class="wp-block-cover__background has-background-dim-30 has-background-dim"></span><div class="wp-block-cover__inner-container"><!-- wp:heading {"textAlign":"center","level":1,"textColor":"white"} -->
<h1 class="wp-block-heading has-text-align-center has-white-color has-text-color">Join Our Community</h1>
<!-- /wp:heading -->

<!-- wp:paragraph {"align":"center","textColor":"white"} -->
<p class="has-text-align-center has-white-color has-text-color">Connect with thousands of users worldwide</p>
<!-- /wp:paragraph --></div></div>
<!-- /wp:cover --></div>
<!-- /wp:core-carousel/carousel-slide --></div></div>
<!-- /wp:core-carousel/carousel-viewport -->

<!-- wp:group {"style":{"spacing":{"margin":{"top":"var:preset|spacing|30"}}},"layout":{"type":"flex","flexWrap":"nowrap","justifyContent":"space-between"}} -->
<div class="wp-block-group" style="margin-top:var(--wp--preset--spacing--30)"><!-- wp:core-carousel/carousel-controls {"className":"wp-block-core-carousel-carousel-controls"} -->
<div class="wp-block-carousel-carousel-controls core-carousel-controls wp-block-core-carousel-carousel-controls"><button type="button" class="core-carousel-controls__btn core-carousel-controls__btn--prev" data-wp-on--click="actions.scrollPrev" data-wp-bind--disabled="!state.canScrollPrev" aria-label="Previous Slide"><svg class="core-carousel-controls__icon" width="13" height="8" viewBox="0 0 13 8" fill="none" xmlns="http://www.w3.org/2000/svg"><path d="M0 3.55371L3.55371 7.10742V4.26562H12.7861V2.84375H3.55371V0L0 3.55371Z" fill="#1C1C1C"></path></svg></button><button type="button" class="core-carousel-controls__btn core-carousel-controls__btn--next" data-wp-on--click="actions.scrollNext" data-wp-bind--disabled="!state.canScrollNext" aria-label="Next Slide"><svg class="core-carousel-controls__icon" width="13" height="8" viewBox="0 0 13 8" fill="none" xmlns="http://www.w3.org/2000/svg"><path d="M12.7861 3.55371L9.23242 7.10742V4.26562H0V2.84375H9.23242V0L12.7861 3.55371Z" fill="#1C1C1C"></path></svg></button></div>
<!-- /wp:core-carousel/carousel-controls -->

<!-- wp:core-carousel/carousel-dots {"className":"wp-block-core-carousel-carousel-dots"} -->
<div class="wp-block-carousel-carousel-dots core-carousel-dots wp-block-core-carousel-carousel-dots"><template data-wp-each--snap="context.scrollSnaps"><button class="core-carousel-dot" data-wp-class--is-active="callbacks.isDotActive" data-wp-bind--aria-current="callbacks.isDotActive" data-wp-on--click="actions.onDotClick" data-wp-bind--aria-label="callbacks.getDotLabel" type="button"></button></template></div>
<!-- /wp:core-carousel/carousel-dots --></div>
<!-- /wp:group --></div>
<!-- /wp:core-carousel/carousel -->

<!-- wp:spacer -->
<div style="height:100px" aria-hidden="true" class="wp-block-spacer"></div>
<!-- /wp:spacer -->

<!-- wp:core-carousel/carousel {"loop":true,"autoplayDelay":3000,"autoplayStopOnInteraction":false,"ariaLabel":"Partner Logos","metadata":{"categories":["core-carousel"],"patternName":"core-carousel/logo-showcase","name":"Core Carousel: Logo Showcase"},"className":"wp-block-core-carousel-carousel is-style-columns-3"} -->
<div class="wp-block-carousel-carousel core-carousel wp-block-core-carousel-carousel is-style-columns-3" role="region" aria-roledescription="carousel" aria-label="Partner Logos" dir="ltr" data-axis="x" data-wp-interactive="core-carousel/carousel" data-wp-context="{&quot;options&quot;:{&quot;loop&quot;:true,&quot;dragFree&quot;:false,&quot;align&quot;:&quot;start&quot;,&quot;containScroll&quot;:&quot;trimSnaps&quot;,&quot;direction&quot;:&quot;ltr&quot;,&quot;axis&quot;:&quot;x&quot;,&quot;slidesToScroll&quot;:1},&quot;autoplay&quot;:false,&quot;isPlaying&quot;:false,&quot;timerIterationId&quot;:0,&quot;selectedIndex&quot;:-1,&quot;scrollSnaps&quot;:[],&quot;canScrollPrev&quot;:false,&quot;canScrollNext&quot;:false,&quot;ariaLabelPattern&quot;:&quot;Go to slide %d&quot;}" data-wp-init="callbacks.initCarousel" style="--core-carousel-gap:0px"><!-- wp:heading {"textAlign":"center","style":{"spacing":{"margin":{"bottom":"69px"}}}} -->
<h2 class="wp-block-heading has-text-align-center" style="margin-bottom:69px">Trusted By Leading Companies</h2>
<!-- /wp:heading -->

<!-- wp:core-carousel/carousel-viewport {"className":"wp-block-core-carousel-carousel-viewport"} -->
<div class="wp-block-carousel-carousel-viewport embla wp-block-core-carousel-carousel-viewport"><div class="embla__container"><!-- wp:core-carousel/carousel-slide {"className":"wp-block-core-carousel-carousel-slide"} -->
<div class="wp-block-carousel-carousel-slide embla__slide wp-block-core-carousel-carousel-slide" role="group" aria-roledescription="slide" data-wp-interactive="core-carousel/carousel" data-wp-class--is-active="callbacks.isSlideActive" data-wp-bind--aria-current="callbacks.isSlideActive"><!-- wp:image {"width":"200px","sizeSlug":"full","linkDestination":"none","align":"center","className":"is-style-rounded"} -->
<figure class="wp-block-image aligncenter size-full is-resized is-style-rounded"><img src="https://placehold.co/260x100/e8e8e8/666666?text=Brand+Logo" alt="Partner Logo 1" style="width:200px"/></figure>
<!-- /wp:image --></div>
<!-- /wp:core-carousel/carousel-slide -->

<!-- wp:core-carousel/carousel-slide {"className":"wp-block-core-carousel-carousel-slide"} -->
<div class="wp-block-carousel-carousel-slide embla__slide wp-block-core-carousel-carousel-slide" role="group" aria-roledescription="slide" data-wp-interactive="core-carousel/carousel" data-wp-class--is-active="callbacks.isSlideActive" data-wp-bind--aria-current="callbacks.isSlideActive"><!-- wp:image {"width":"200px","sizeSlug":"full","linkDestination":"none","align":"center","className":"is-style-rounded"} -->
<figure class="wp-block-image aligncenter size-full is-resized is-style-rounded"><img src="https://placehold.co/260x100/e8e8e8/666666?text=Brand+Logo" alt="Partner Logo 2" style="width:200px"/></figure>
<!-- /wp:image --></div>
<!-- /wp:core-carousel/carousel-slide -->

<!-- wp:core-carousel/carousel-slide {"className":"wp-block-core-carousel-carousel-slide"} -->
<div class="wp-block-carousel-carousel-slide embla__slide wp-block-core-carousel-carousel-slide" role="group" aria-roledescription="slide" data-wp-interactive="core-carousel/carousel" data-wp-class--is-active="callbacks.isSlideActive" data-wp-bind--aria-current="callbacks.isSlideActive"><!-- wp:image {"width":"200px","sizeSlug":"full","linkDestination":"none","align":"center","className":"is-style-rounded"} -->
<figure class="wp-block-image aligncenter size-full is-resized is-style-rounded"><img src="https://placehold.co/260x100/e8e8e8/666666?text=Brand+Logo" alt="Partner Logo 3" style="width:200px"/></figure>
<!-- /wp:image --></div>
<!-- /wp:core-carousel/carousel-slide -->

<!-- wp:core-carousel/carousel-slide {"className":"wp-block-core-carousel-carousel-slide"} -->
<div class="wp-block-carousel-carousel-slide embla__slide wp-block-core-carousel-carousel-slide" role="group" aria-roledescription="slide" data-wp-interactive="core-carousel/carousel" data-wp-class--is-active="callbacks.isSlideActive" data-wp-bind--aria-current="callbacks.isSlideActive"><!-- wp:image {"width":"200px","sizeSlug":"full","linkDestination":"none","align":"center","className":"is-style-rounded"} -->
<figure class="wp-block-image aligncenter size-full is-resized is-style-rounded"><img src="https://placehold.co/260x100/e8e8e8/666666?text=Brand+Logo" alt="Partner Logo 4" style="width:200px"/></figure>
<!-- /wp:image --></div>
<!-- /wp:core-carousel/carousel-slide -->

<!-- wp:core-carousel/carousel-slide {"className":"wp-block-core-carousel-carousel-slide"} -->
<div class="wp-block-carousel-carousel-slide embla__slide wp-block-core-carousel-carousel-slide" role="group" aria-roledescription="slide" data-wp-interactive="core-carousel/carousel" data-wp-class--is-active="callbacks.isSlideActive" data-wp-bind--aria-current="callbacks.isSlideActive"><!-- wp:image {"width":"200px","sizeSlug":"full","linkDestination":"none","align":"center","className":"is-style-rounded"} -->
<figure class="wp-block-image aligncenter size-full is-resized is-style-rounded"><img src="https://placehold.co/260x100/e8e8e8/666666?text=Brand+Logo" alt="Partner Logo 5" style="width:200px"/></figure>
<!-- /wp:image --></div>
<!-- /wp:core-carousel/carousel-slide --></div></div>
<!-- /wp:core-carousel/carousel-viewport -->

<!-- wp:group {"layout":{"type":"flex","flexWrap":"nowrap","justifyContent":"center"}} -->
<div class="wp-block-group"><!-- wp:core-carousel/carousel-controls -->
<div class="wp-block-carousel-carousel-controls core-carousel-controls"><button type="button" class="core-carousel-controls__btn core-carousel-controls__btn--prev" data-wp-on--click="actions.scrollPrev" data-wp-bind--disabled="!state.canScrollPrev" aria-label="Previous Slide"><svg class="core-carousel-controls__icon" width="13" height="8" viewBox="0 0 13 8" fill="none" xmlns="http://www.w3.org/2000/svg"><path d="M0 3.55371L3.55371 7.10742V4.26562H12.7861V2.84375H3.55371V0L0 3.55371Z" fill="#1C1C1C"></path></svg></button><button type="button" class="core-carousel-controls__btn core-carousel-controls__btn--next" data-wp-on--click="actions.scrollNext" data-wp-bind--disabled="!state.canScrollNext" aria-label="Next Slide"><svg class="core-carousel-controls__icon" width="13" height="8" viewBox="0 0 13 8" fill="none" xmlns="http://www.w3.org/2000/svg"><path d="M12.7861 3.55371L9.23242 7.10742V4.26562H0V2.84375H9.23242V0L12.7861 3.55371Z" fill="#1C1C1C"></path></svg></button></div>
<!-- /wp:core-carousel/carousel-controls --></div>
<!-- /wp:group --></div>
<!-- /wp:core-carousel/carousel -->

<!-- wp:spacer -->
<div style="height:100px" aria-hidden="true" class="wp-block-spacer"></div>
<!-- /wp:spacer -->

<!-- wp:core-carousel/carousel {"loop":true,"carouselAlign":"center","autoplay":true,"ariaLabel":"Customer Testimonials","slideGap":32,"metadata":{"categories":["core-carousel"],"patternName":"core-carousel/testimonial-carousel","name":"Core Carousel: Testimonial Carousel"},"className":"wp-block-core-carousel-carousel"} -->
<div class="wp-block-carousel-carousel core-carousel wp-block-core-carousel-carousel" role="region" aria-roledescription="carousel" aria-label="Customer Testimonials" dir="ltr" data-axis="x" data-wp-interactive="core-carousel/carousel" data-wp-context="{&quot;options&quot;:{&quot;loop&quot;:true,&quot;dragFree&quot;:false,&quot;align&quot;:&quot;center&quot;,&quot;containScroll&quot;:&quot;trimSnaps&quot;,&quot;direction&quot;:&quot;ltr&quot;,&quot;axis&quot;:&quot;x&quot;,&quot;slidesToScroll&quot;:1},&quot;autoplay&quot;:{&quot;delay&quot;:4000,&quot;stopOnInteraction&quot;:true,&quot;stopOnMouseEnter&quot;:false},&quot;isPlaying&quot;:true,&quot;timerIterationId&quot;:0,&quot;selectedIndex&quot;:-1,&quot;scrollSnaps&quot;:[],&quot;canScrollPrev&quot;:false,&quot;canScrollNext&quot;:false,&quot;ariaLabelPattern&quot;:&quot;Go to slide %d&quot;}" data-wp-init="callbacks.initCarousel" style="--core-carousel-gap:32px"><!-- wp:heading {"textAlign":"center","className":"is-style-default","fontSize":"x-large"} -->
<h2 class="wp-block-heading has-text-align-center is-style-default has-x-large-font-size">What Our Customers Say</h2>
<!-- /wp:heading -->

<!-- wp:core-carousel/carousel-viewport {"className":"wp-block-core-carousel-carousel-viewport"} -->
<div class="wp-block-carousel-carousel-viewport embla wp-block-core-carousel-carousel-viewport"><div class="embla__container"><!-- wp:core-carousel/carousel-slide {"className":"wp-block-core-carousel-carousel-slide"} -->
<div class="wp-block-carousel-carousel-slide embla__slide wp-block-core-carousel-carousel-slide" role="group" aria-roledescription="slide" data-wp-interactive="core-carousel/carousel" data-wp-class--is-active="callbacks.isSlideActive" data-wp-bind--aria-current="callbacks.isSlideActive"><!-- wp:group {"style":{"spacing":{"padding":{"top":"2rem","bottom":"2rem","left":"2rem","right":"2rem"}}},"backgroundColor":"base","layout":{"type":"constrained","contentSize":"600px"}} -->
<div class="wp-block-group has-base-background-color has-background" style="padding-top:2rem;padding-right:2rem;padding-bottom:2rem;padding-left:2rem"><!-- wp:paragraph {"align":"center","fontSize":"large"} -->
<p class="has-text-align-center has-large-font-size">"This product changed my workflow completely. Highly recommended!"</p>
<!-- /wp:paragraph -->

<!-- wp:separator {"className":"is-style-wide"} -->
<hr class="wp-block-separator has-alpha-channel-opacity is-style-wide"/>
<!-- /wp:separator -->

<!-- wp:paragraph {"align":"center"} -->
<p class="has-text-align-center"><strong>Sarah Johnson</strong><br>CEO, Tech Corp</p>
<!-- /wp:paragraph --></div>
<!-- /wp:group --></div>
<!-- /wp:core-carousel/carousel-slide -->

<!-- wp:core-carousel/carousel-slide {"className":"wp-block-core-carousel-carousel-slide"} -->
<div class="wp-block-carousel-carousel-slide embla__slide wp-block-core-carousel-carousel-slide" role="group" aria-roledescription="slide" data-wp-interactive="core-carousel/carousel" data-wp-class--is-active="callbacks.isSlideActive" data-wp-bind--aria-current="callbacks.isSlideActive"><!-- wp:group {"style":{"spacing":{"padding":{"top":"2rem","bottom":"2rem","left":"2rem","right":"2rem"}}},"backgroundColor":"base","layout":{"type":"constrained","contentSize":"600px"}} -->
<div class="wp-block-group has-base-background-color has-background" style="padding-top:2rem;padding-right:2rem;padding-bottom:2rem;padding-left:2rem"><!-- wp:paragraph {"align":"center","fontSize":"large"} -->
<p class="has-text-align-center has-large-font-size">"Excellent support and amazing features. Worth every penny!"</p>
<!-- /wp:paragraph -->

<!-- wp:separator {"className":"is-style-wide"} -->
<hr class="wp-block-separator has-alpha-channel-opacity is-style-wide"/>
<!-- /wp:separator -->

<!-- wp:paragraph {"align":"center"} -->
<p class="has-text-align-center"><strong>Michael Chen</strong><br>Designer, Creative Studio</p>
<!-- /wp:paragraph --></div>
<!-- /wp:group --></div>
<!-- /wp:core-carousel/carousel-slide -->

<!-- wp:core-carousel/carousel-slide {"className":"wp-block-core-carousel-carousel-slide"} -->
<div class="wp-block-carousel-carousel-slide embla__slide wp-block-core-carousel-carousel-slide" role="group" aria-roledescription="slide" data-wp-interactive="core-carousel/carousel" data-wp-class--is-active="callbacks.isSlideActive" data-wp-bind--aria-current="callbacks.isSlideActive"><!-- wp:group {"style":{"spacing":{"padding":{"top":"2rem","bottom":"2rem","left":"2rem","right":"2rem"}}},"backgroundColor":"base","layout":{"type":"constrained","contentSize":"600px"}} -->
<div class="wp-block-group has-base-background-color has-background" style="padding-top:2rem;padding-right:2rem;padding-bottom:2rem;padding-left:2rem"><!-- wp:paragraph {"align":"center","fontSize":"large"} -->
<p class="has-text-align-center has-large-font-size">"Simple, elegant, and powerful. Best investment we made!"</p>
<!-- /wp:paragraph -->

<!-- wp:separator {"className":"is-style-wide"} -->
<hr class="wp-block-separator has-alpha-channel-opacity is-style-wide"/>
<!-- /wp:separator -->

<!-- wp:paragraph {"align":"center"} -->
<p class="has-text-align-center"><strong>Emma Williams</strong><br>Marketing Director, Brand Co</p>
<!-- /wp:paragraph --></div>
<!-- /wp:group --></div>
<!-- /wp:core-carousel/carousel-slide --></div></div>
<!-- /wp:core-carousel/carousel-viewport -->

<!-- wp:group {"layout":{"type":"flex","flexWrap":"nowrap","justifyContent":"center","orientation":"vertical"}} -->
<div class="wp-block-group"><!-- wp:core-carousel/carousel-dots {"className":"wp-block-core-carousel-carousel-dots"} -->
<div class="wp-block-carousel-carousel-dots core-carousel-dots wp-block-core-carousel-carousel-dots"><template data-wp-each--snap="context.scrollSnaps"><button class="core-carousel-dot" data-wp-class--is-active="callbacks.isDotActive" data-wp-bind--aria-current="callbacks.isDotActive" data-wp-on--click="actions.onDotClick" data-wp-bind--aria-label="callbacks.getDotLabel" type="button"></button></template></div>
<!-- /wp:core-carousel/carousel-dots -->

<!-- wp:core-carousel/carousel-controls {"className":"wp-block-core-carousel-carousel-controls"} -->
<div class="wp-block-carousel-carousel-controls core-carousel-controls wp-block-core-carousel-carousel-controls"><button type="button" class="core-carousel-controls__btn core-carousel-controls__btn--prev" data-wp-on--click="actions.scrollPrev" data-wp-bind--disabled="!state.canScrollPrev" aria-label="Previous Slide"><svg class="core-carousel-controls__icon" width="13" height="8" viewBox="0 0 13 8" fill="none" xmlns="http://www.w3.org/2000/svg"><path d="M0 3.55371L3.55371 7.10742V4.26562H12.7861V2.84375H3.55371V0L0 3.55371Z" fill="#1C1C1C"></path></svg></button><button type="button" class="core-carousel-controls__btn core-carousel-controls__btn--next" data-wp-on--click="actions.scrollNext" data-wp-bind--disabled="!state.canScrollNext" aria-label="Next Slide"><svg class="core-carousel-controls__icon" width="13" height="8" viewBox="0 0 13 8" fill="none" xmlns="http://www.w3.org/2000/svg"><path d="M12.7861 3.55371L9.23242 7.10742V4.26562H0V2.84375H9.23242V0L12.7861 3.55371Z" fill="#1C1C1C"></path></svg></button></div>
<!-- /wp:core-carousel/carousel-controls --></div>
<!-- /wp:group --></div>
<!-- /wp:core-carousel/carousel -->]]></content:encoded>
		<excerpt:encoded><![CDATA[]]></excerpt:encoded>
		<wp:post_id>6</wp:post_id>
		<wp:post_date><![CDATA[2026-02-09 13:01:18]]></wp:post_date>
		<wp:post_date_gmt><![CDATA[2026-02-09 13:01:18]]></wp:post_date_gmt>
		<wp:post_modified><![CDATA[2026-02-09 13:02:00]]></wp:post_modified>
		<wp:post_modified_gmt><![CDATA[2026-02-09 13:02:00]]></wp:post_modified_gmt>
		<wp:comment_status><![CDATA[closed]]></wp:comment_status>
		<wp:ping_status><![CDATA[closed]]></wp:ping_status>
		<wp:post_name><![CDATA[core-carousel]]></wp:post_name>
		<wp:status><![CDATA[publish]]></wp:status>
		<wp:post_parent>0</wp:post_parent>
		<wp:menu_order>0</wp:menu_order>
		<wp:post_type><![CDATA[page]]></wp:post_type>
		<wp:post_password><![CDATA[]]></wp:post_password>
		<wp:is_sticky>0</wp:is_sticky>
														</item>
					<item>
		<title><![CDATA[Custom Styles]]></title>
		<link>https://carousel.local/2026/02/09/wp-global-styles-twentytwentyfive/</link>
		<pubDate>Mon, 09 Feb 2026 13:01:04 +0000</pubDate>
		<dc:creator><![CDATA[masud]]></dc:creator>
		<guid isPermaLink="false">https://carousel.local/2026/02/09/wp-global-styles-twentytwentyfive/</guid>
		<description></description>
		<content:encoded><![CDATA[{"version": 3, "isGlobalStylesUserThemeJSON": true }]]></content:encoded>
		<excerpt:encoded><![CDATA[]]></excerpt:encoded>
		<wp:post_id>7</wp:post_id>
		<wp:post_date><![CDATA[2026-02-09 13:01:04]]></wp:post_date>
		<wp:post_date_gmt><![CDATA[2026-02-09 13:01:04]]></wp:post_date_gmt>
		<wp:post_modified><![CDATA[2026-02-09 13:01:04]]></wp:post_modified>
		<wp:post_modified_gmt><![CDATA[2026-02-09 13:01:04]]></wp:post_modified_gmt>
		<wp:comment_status><![CDATA[closed]]></wp:comment_status>
		<wp:ping_status><![CDATA[closed]]></wp:ping_status>
		<wp:post_name><![CDATA[wp-global-styles-twentytwentyfive]]></wp:post_name>
		<wp:status><![CDATA[publish]]></wp:status>
		<wp:post_parent>0</wp:post_parent>
		<wp:menu_order>0</wp:menu_order>
		<wp:post_type><![CDATA[wp_global_styles]]></wp:post_type>
		<wp:post_password><![CDATA[]]></wp:post_password>
		<wp:is_sticky>0</wp:is_sticky>
										<category domain="wp_theme" nicename="twentytwentyfive"><![CDATA[twentytwentyfive]]></category>
						</item>
				</channel>
</rss>
	