{
    "$schema": "https://playground.wordpress.net/blueprint-schema.json",
    "preferredVersions": {
        "php": "8.2",
        "wp": "latest"
    },
    "landingPage": "/core-carousel",
    "steps": [
        {
            "step": "installPlugin",
            "pluginData": {
                "resource": "url",
                "url": "https://cdn.statically.io/gh/rtCamp/core-carousel@dist/core-carousel.zip"
            }
        },
        {
            "step": "login",
            "username": "admin",
            "password": "password"
        },
        {
            "step": "importWxr",
            "file": {
                "resource": "url",
                "url": "https://raw.githubusercontent.com/rtCamp/core-carousel/try/playground/main/core-carousel.xml"
            }
        },
        {
            "step": "runPHP",
            "code": "<?php require_once 'wordpress/wp-load.php'; $posts = get_posts(['post_type'=>'page', 'title'=>'Core Carousel Interactive Demo']); if($posts) { update_option('show_on_front', 'page'); update_option('page_on_front', $posts[0]->ID); }"
        }
    ]
}